{"cameraMode":{"drawMode":0,"name":"Shaded","section":"Shading Mode"},"sceneLighting":true,"audioPlay":false,"sceneViewState":{"m_AlwaysRefresh":true,"showFog":true,"showSkybox":true,"showFlares":true,"showImageEffects":true,"showParticleSystems":true,"showVisualEffectGraphs":true,"m_FxEnabled":false},"in2DMode":false,"pivot":{"x":-1.4421669244766236,"y":-1.067856788635254,"z":89.9350814819336},"rotation":{"x":-0.04826698452234268,"y":0.03204988315701485,"z":-0.0015737159410491586,"w":-0.9983866214752197},"size":4.412275314331055,"orthographic":false}